{"cameraMode":{"drawMode":0,"name":"Shaded","section":"Shading Mode"},"sceneLighting":true,"audioPlay":false,"sceneViewState":{"showFog":true,"showMaterialUpdate":false,"showSkybox":true,"showFlares":true,"showImageEffects":true,"showParticleSystems":true},"in2DMode":false,"pivot":{"x":754.2324829101563,"y":366.3829650878906,"z":0.9494476318359375},"rotation":{"x":0.004228205420076847,"y":0.979887843132019,"z":-0.1984385848045349,"w":0.02087525650858879},"size":81.39410400390625,"orthographic":false}